Relationship Type,Question,Rating,Final out put
Intimate,"I see intimate relationships as a natural, essential part of life.",1,"You see intimate relationships as non-essential or unnatural. You might not view close emotional or romantic partnerships as fundamental to life, or you may prioritize other areas such as career, personal goals, or independence. This perspective likely affects the overall health of your relationships in the following way: the dyadic health in your relationships might reflect distance or avoidance. You may struggle with emotional intimacy, commitment, or trust within your relationships, which could result in challenges like conflict avoidance, detachment, or difficulty in forming long-lasting emotional bonds. You might also view relationships as burdensome or secondary to your personal goals. "
Intimate,"I see intimate relationships as a natural, essential part of life.",2,"While you don't strongly reject intimate relationships, you may not see them as central to their life’s fulfillment. You might view relationships as optional or secondary to other life goals. This mindset could result in superficial or transactional relationships where emotional connection is not prioritized. They may be somewhat open to intimacy but only to a limited extent. There might be a sense of emotional distance, and they could find it challenging to fully invest in a partner. Dyadic health in this case might be moderately low, with limited communication, closeness, or empathy."
Intimate,"I see intimate relationships as a natural, essential part of life.",3,"You holds a neutral stance, neither strongly valuing nor rejecting intimate relationships as essential. They may see relationships as one aspect of life among many, without putting excessive weight on them.
 A neutral perspective could manifest in balanced but possibly uncommitted relationships. The person might engage in relationships without feeling deeply attached or emotionally invested. Dyadic health might be average, as their relationships might lack depth or a sense of mutual dependency but would not necessarily be unhealthy. This neutrality could sometimes lead to relationships feeling unfulfilled or lacking a deep connection."
Intimate,"I see intimate relationships as a natural, essential part of life.",4,"You sees intimate relationships as important and valuable, viewing them as a key component of life satisfaction and fulfillment. They likely believe that intimate relationships enrich life emotionally and psychologically. You would probably have healthy, emotionally connected relationships. They prioritize intimacy, communication, and mutual support in their relationships, leading to strong emotional bonds and a high level of relational health. Dyadic health in this case would likely be positive, as they see value in both giving and receiving emotional care and support from their partner."
Intimate,"I see intimate relationships as a natural, essential part of life.",5,"You likely sees intimate relationships as essential to their overall well-being. They may view emotional, romantic, and physical connections as central to their happiness and personal growth. You typically cultivate highly supportive, emotionally fulfilling relationships where intimacy, trust, and mutual growth are prioritized. Their dyadic health would likely be very high, as they view relationships as critical for their emotional stability and happiness. These individuals may invest a lot of time and energy into maintaining a healthy, reciprocal partnership, which fosters deep emotional bonds, communication, and overall relationship satisfaction."
Intimate,"In a relationship, I believe both partners should contribute equally to its growth.",1,"You may believe that relationships do not require equal contribution or that one partner should take on more responsibility for the relationship's growth. They might think that relationships naturally involve imbalances, where one partner is dominant or more responsible. Dyadic health in this scenario could be imbalanced and unhealthy. If one person feels they carry the weight of the relationship while the other does not contribute as much, it can lead to feelings of frustration, resentment, and emotional exhaustion. Power dynamics might skew the relationship, with one partner being more controlling or emotionally distant, which can negatively affect communication, trust, and overall relationship satisfaction."
Intimate,"In a relationship, I believe both partners should contribute equally to its growth.",2,"This person might believe that equality in contribution is not essential or feasible in every relationship. They may think that different partners contribute in different ways and that some imbalance is natural or expected. They may not feel strongly that both partners must actively contribute to the relationship’s growth all the time. The dyadic health could be moderately imbalanced, as there might be uneven efforts in maintaining or growing the relationship. This could lead to issues like one partner feeling underappreciated or emotionally neglected. There may be a lack of reciprocity, which can affect the overall harmony and long-term satisfaction in the relationship. However, this may work if both partners are comfortable with the imbalance."
Intimate,"In a relationship, I believe both partners should contribute equally to its growth.",3," A neutral stance may reflect the belief that both partners can contribute to a relationship’s growth, but it might not always be equally distributed. This person may believe that roles and contributions shift over time, depending on circumstances, and you may not prioritize strict equality in every moment of the relationship. The dyadic health could be stable but lacking in dynamic growth. Partners may not feel pressured to contribute equally at all times, which could result in periods of imbalance or stagnation. While there may not be major issues, the relationship may lack the feeling of equal partnership in terms of emotional investment and growth. A relationship here might work, but could feel less satisfying if one partner feels they are consistently doing more of the emotional or practical work."
Intimate,"In a relationship, I believe both partners should contribute equally to its growth.",4,"This individual believes that both partners should generally contribute equally to the growth of the relationship, with an understanding that there may be times when this fluctuates. They likely value fairness and mutual effort in maintaining a healthy, thriving relationship. Dyadic health is likely strong in such relationships, as both partners are willing to invest time, energy, and emotional resources. They recognize the importance of mutual contribution and effort, and are probably good at communicating and supporting each other. While equality might not always be perfectly maintained, the overall perception is that both partners share responsibility in nurturing the relationship, which enhances trust, satisfaction, and closeness."
Intimate,"In a relationship, I believe both partners should contribute equally to its growth.",5,"You holds a firm belief that both partners must equally contribute to the relationship’s growth at all times. They likely see a strong sense of reciprocity and shared responsibility as the cornerstone of a healthy relationship. Dyadic health in this case is typically very high. The strong emphasis on equality means that both partners are highly engaged in maintaining the relationship, ensuring that both feel valued, heard, and supported. There is likely excellent communication, emotional balance, and mutual respect, fostering a partnership where both people feel equally responsible for the relationship’s success. This belief can lead to deep emotional satisfaction and long-term commitment."
Intimate,I am willing to set aside my personal goals or achievements to support my partner.,1,"You is likely unwilling to compromise or set aside personal goals to support their partner. They may prioritize their individual ambitions above the needs of the relationship and expect their partner to understand or accommodate this. They may see their personal goals as non-negotiable and believe that each partner should pursue their individual paths without interfering with one another. Dyadic health in this case could be strained if both partners do not share the same level of independence. The relationship might suffer from a lack of emotional support, where one partner may feel neglected or secondary to the other’s ambitions. This could lead to dissatisfaction, feelings of isolation, and potential conflict, especially if one partner desires more mutual support and compromise."
Intimate,I am willing to set aside my personal goals or achievements to support my partner.,2,"While not entirely opposed to the idea of setting aside personal goals, the individual may be reluctant to do so and likely values their personal ambitions more highly. They might believe in supporting their partner but not at the expense of their own goals. This person could feel that compromise should have limits and that partners should maintain personal independence. Dyadic health could be moderately imbalanced, as the relationship may struggle with compromise and mutual support. While there may be some degree of emotional connection, the relationship might suffer if one partner consistently feels unsupported or if their needs are deprioritized. The relationship could work if both partners maintain a high level of independence, but in a partnership where more sacrifice is expected, issues may arise."
Intimate,I am willing to set aside my personal goals or achievements to support my partner.,3,"You takes a balanced or neutral view on this statement, likely believing that sometimes it is appropriate to set aside personal goals, but only under certain circumstances. They may see personal achievements as important but also understand the need to occasionally prioritize the relationship. This individual is likely to weigh the situation before making decisions about personal sacrifices. Dyadic health in this case is likely stable, with conditional support in the relationship. There may be a willingness to compromise when necessary, but the relationship may experience occasional tension if one partner feels they are making more sacrifices than the other. While there is a level of emotional investment and support, some conflicts might arise over how and when personal goals should take precedence over the relationship."
Intimate,I am willing to set aside my personal goals or achievements to support my partner.,4,"This person believes that supporting their partner is important enough that you are willing to set aside their own goals if needed. They value the relationship highly and may see personal sacrifices as a natural part of maintaining a healthy partnership. They likely think that mutual support and compromise are essential for a relationship to thrive. Dyadic health in this scenario is typically strong, as both partners may be willing to make compromises and sacrifices to support one another. This creates an environment of trust, respect, and shared responsibility. Partners in such a relationship likely feel valued and understood, and the willingness to prioritize the relationship over individual goals can lead to greater emotional intimacy and mutual satisfaction. However, there may be a risk of one partner sacrificing too much over time, so balance and communication remain crucial."
Intimate,I am willing to set aside my personal goals or achievements to support my partner.,5,"You strongly believes that their partner’s needs and the relationship’s growth come first, even if it means setting aside their own personal goals or achievements. They place a high value on selflessness and believe that supporting their partner is a top priority in a relationship, often over their own ambitions. Dyadic health may be very strong, as there is likely a deep level of commitment and emotional support. Partners in such relationships often feel extremely valued and understood, leading to high relational satisfaction and trust. However, there is also the potential for self-sacrifice to an unhealthy degree, where one partner might neglect their own personal growth and well-being in favor of the relationship. Over time, this can lead to feelings of resentment or burnout, so maintaining a balance between personal goals and relationship support is key to sustaining long-term dyadic health."
Intimate,I believe my actions or behavior have a direct impact on the well-being of my partner.,1,"You likely believes that their actions and behavior have little to no impact on their partner’s well-being. They may view their partner as independent and self-sufficient, believing that each person is responsible for their own happiness and well-being. Dyadic health in this case could be detached or distant. This perspective can lead to emotional disconnection, where one partner may feel unsupported or unrecognized. Without an understanding of the mutual influence each partner has on the other, there may be a lack of empathy and emotional attunement in the relationship, potentially leading to misunderstandings, frustration, or resentment. The relationship might feel more individualistic rather than a true partnership."
Intimate,I believe my actions or behavior have a direct impact on the well-being of my partner.,2,"You may recognize that their actions affect their partner, but you might not view it as significant or constant. They might believe that while some behaviors can impact their partner, each person is largely responsible for managing their own emotions and well-being. Dyadic health could be moderately disconnected in this scenario. There may be some emotional support and care, but not to the extent needed for deeper relational health. The individual might underestimate the influence of their behavior on their partner, leading to possible moments of emotional neglect or misunderstanding. This can result in the partner feeling undervalued or not fully understood, which can weaken emotional bonds over time."
Intimate,I believe my actions or behavior have a direct impact on the well-being of my partner.,3,"You holds a balanced view, understanding that their actions and behavior may influence their partner, but not seeing it as a constant or defining factor. They may acknowledge the connection between their behavior and their partner’s well-being, but you likely believe that both partners are responsible for managing the emotional dynamics of the relationship Dyadic health is likely stable in this case, with some emotional support and mutual understanding. The relationship may function well with both partners being aware of their influence on each other, but there could be times where one partner feels the other is not fully attuned to their emotional needs. Communication is likely functional but may not always reach deep emotional resonance or mutual impact awareness."
Intimate,I believe my actions or behavior have a direct impact on the well-being of my partner.,4,"You believes that their actions and behavior significantly impact their partner’s well-being and likely feels a responsibility to behave in ways that contribute positively to their partner’s emotional and psychological state. They see the relationship as a two-way emotional bond, where both partners' actions influence the other. Dyadic health in this situation is generally strong. The individual is likely attuned to their partner’s needs and feelings, fostering a relationship with good communication, mutual respect, and emotional support. Both partners may feel valued and cared for, as the awareness of mutual influence can help create a nurturing environment. This awareness often leads to greater relational satisfaction and emotional closeness."
Intimate,I believe my actions or behavior have a direct impact on the well-being of my partner.,5,"You is deeply aware that their actions and behavior have a direct and significant impact on their partner’s well-being. They may feel a strong sense of responsibility to ensure their behavior positively contributes to their partner’s emotional and psychological health. This person likely prioritizes their partner’s happiness and strives to avoid actions that could negatively affect them. Dyadic health in this case is usually very high, as the individual likely engages in behaviors that promote emotional security, well-being, and trust within the relationship. They are highly attuned to their partner’s needs and feelings, fostering a strong bond based on empathy, understanding, and mutual care. This relationship is often characterized by deep emotional intimacy and mutual satisfaction. However, there can be a risk of over-responsibility, where one partner may feel burdened by trying to control their partner’s happiness or take on too much responsibility for their emotional state."
Parental,There are times when I prioritize my child’s needs over my own.,1,"You likely does not prioritize their child's needs over their own, or may believe that their needs should consistently come first. They may feel that their role is to guide their child but without sacrificing their personal needs or well-being. In this case, parent-child health could be disconnected or imbalanced. The child may feel emotionally neglected or as though their needs are secondary. This can lead to issues such as limited emotional availability from the parent, a lack of nurturance, and difficulties in developing trust and emotional security within the relationship. While the parent may be modeling self-care and independence, the lack of prioritizing the child's needs can result in an emotionally distant bond."
Parental,There are times when I prioritize my child’s needs over my own.,2,"You may occasionally prioritize their child’s needs, but you likely believe that maintaining their personal well-being should take precedence in most situations. They might think that balance is essential but lean more toward taking care of themselves first. Parent-child health in this case could be moderately imbalanced, with the parent providing for the child but not going out of their way to make sacrifices for the child's needs. While the child may receive some emotional and practical support, there could be moments when they feel their needs are not fully addressed. This could affect the child’s emotional development, especially if they feel their parent is not fully available or responsive."
Parental,There are times when I prioritize my child’s needs over my own.,3," You takes a balanced or neutral stance, sometimes prioritizing their child's needs and other times prioritizing their own. They likely believe that both the parent’s and child’s needs should be considered, and you may alternate between focusing on their well-being and that of their child. Parent-child health here is likely stable, as the parent understands the importance of both personal and child-related needs. This balanced approach may lead to a healthy, supportive relationship, but there could be occasional moments where the child feels they are not the top priority. However, the overall sense of care and attention is likely sufficient for the child to feel emotionally secure and supported."
Parental,There are times when I prioritize my child’s needs over my own.,4,"You generally believes that their child’s needs should come before their own and likely prioritizes their child’s well-being in most situations. They see their role as a parent as one that involves sacrificing personal goals or comfort to support their child’s emotional, physical, and developmental needs. Parent-child health in this case is typically strong, as the child is likely to feel secure, supported, and emotionally connected to the parent. The parent likely makes consistent efforts to meet the child’s needs, fostering a nurturing and safe environment. The relationship is likely characterized by trust and emotional availability, and the child feels cared for and understood. However, the parent should ensure that they also take care of their own needs to prevent burnout or feeling overwhelmed."
Parental,There are times when I prioritize my child’s needs over my own.,5," You strongly believes that their child’s needs always come first, and you consistently prioritize their child over themselves, potentially sacrificing their own well-being to ensure that their child is well taken care of. They may feel a strong sense of duty or responsibility to put their child’s needs above all else. Parent-child health is likely very strong, as the child is provided with a high level of emotional and physical care, security, and attention. The child is likely to feel deeply loved, understood, and supported, which fosters a strong emotional bond and attachment. However, there is a potential risk for the parent to neglect their own well-being, leading to exhaustion, stress, or burnout. In the long term, this can negatively affect the parent’s mental health and ability to continue providing such high levels of care. A healthy balance between the child’s needs and self-care is important to sustain overall well-being."
Parental,I am willing to delay or sacrifice my personal goals for the well-being of my children.,1," You likely believes that their personal goals should come first and that you should not have to sacrifice or delay their ambitions for their child. They may view personal achievements as essential to their identity or well-being, regardless of the demands of parenting. Parent-child health may be distant or imbalanced in this case. The child may feel that their needs are secondary or not fully met. The parent’s focus on their personal goals could lead to emotional neglect or a lack of attention to the child’s development. This could affect the child’s sense of security, trust, and emotional connection with the parent, resulting in a more individualistic rather than a nurturing bond."
Parental,I am willing to delay or sacrifice my personal goals for the well-being of my children.,2,"You may recognize the importance of balancing personal goals with their child's well-being, but you might feel that their ambitions should not be sacrificed too often. They may be willing to make minor adjustments but are likely reluctant to significantly delay or set aside their own aspirations. Parent-child health could be moderately affected. While the parent may provide basic care and attention, their reluctance to sacrifice personal goals might lead to situations where the child’s emotional or physical needs are not fully prioritized. The relationship may function well in less demanding situations but could experience tension if the parent’s goals consistently take precedence over the child’s well-being."
Parental,I am willing to delay or sacrifice my personal goals for the well-being of my children.,3,"You likely holds a balanced view, recognizing the importance of both their personal goals and their child’s well-being. They may believe that at times, sacrifices are necessary, but also see value in maintaining their own ambitions. This parent might carefully consider the trade-offs between personal achievement and parenting responsibilities. Parent-child health is likely stable. The parent may succeed in balancing their own goals with the needs of the child, making occasional sacrifices when necessary but not fully sidelining their personal ambitions. This approach may lead to a healthy, supportive relationship where both the parent’s needs and the child’s well-being are acknowledged. Occasional tensions might arise when the parent is focused on their personal goals, but overall the relationship is likely well-rounded and functional."
Parental,I am willing to delay or sacrifice my personal goals for the well-being of my children.,4,"You likely believes that their child’s well-being is important enough to delay or sacrifice personal goals when necessary. They probably see these sacrifices as a natural part of parenthood and may prioritize their child’s needs over personal ambitions in most situations. Parent-child health is generally strong in this case. The child is likely to feel emotionally secure and well cared for, as the parent is willing to make sacrifices for their well-being. This leads to a nurturing environment where the child’s needs are prioritized, fostering emotional closeness, trust, and a strong bond. However, while the parent focuses on the child’s well-being, it’s important they also maintain some level of self-care to avoid feeling overwhelmed or resentful over time."
Parental,I am willing to delay or sacrifice my personal goals for the well-being of my children.,5,"You strongly believes that their child’s well-being should always come first and is willing to make significant sacrifices or delays in their personal goals to support their child’s emotional, physical, and developmental needs. This person may see personal sacrifices as essential to parenting and feel a strong sense of responsibility toward their child’s welfare. Parent-child health in this case is often very strong, as the parent places the child’s needs above their own personal goals. This can foster a deeply supportive and emotionally secure relationship, where the child feels cared for and prioritized. The strong focus on the child’s well-being typically results in a healthy emotional bond, trust, and security. However, there is a risk of parental burnout if the parent neglects their own personal development for too long, which could lead to feelings of frustration or loss of self-identity. A balance between caring for the child and maintaining personal goals is crucial for the long-term well-being of both the parent and the child."
Parental,I believe my behavior and actions shape the development and well-being of my children.,1,"You likely believes that their actions and behavior have little to no impact on their child’s development. They may view the child as having an independent nature, largely unaffected by parental behavior, and possibly believe external factors such as education or society play a more significant role in shaping the child. In this case, parent-child health might be distant or disengaged. The parent’s lack of acknowledgment of their influence could lead to emotional neglect or a hands-off parenting style. The child may lack emotional guidance and could struggle with feelings of insecurity, or the parent-child bond may be weak. The relationship may lack nurturing and emotional connection, which can impact the child’s well-being and self-esteem."
Parental,I believe my behavior and actions shape the development and well-being of my children.,2,"You may recognize that you have some influence on their child, but you likely downplay its significance. They might believe that children are largely shaped by external factors and that their role as a parent is somewhat limited when it comes to their child’s overall development. the parent-child relationship may reflect a lack of active involvement in guiding the child’s emotional and developmental growth. The parent may provide basic care and support but might not be fully engaged in shaping the child’s emotional or behavioral development. This could lead to a relationship where the child feels a lack of guidance or emotional attunement from the parent, potentially affecting the child’s emotional security and development."
Parental,I believe my behavior and actions shape the development and well-being of my children.,3,"You holds a balanced view, acknowledging that their behavior and actions influence their child’s development but perhaps not viewing it as the primary factor. They may believe that the child’s personality, environment, and other influences also play significant roles in their growth. Parent-child health is likely stable but may lack a strong emotional or developmental focus. The parent likely recognizes their role in shaping the child’s well-being but may not fully engage in conscious behavior or actions to guide their development. The relationship is likely functional, but there may be room for greater emotional attunement or proactive support in helping the child navigate challenges or emotional growth."
Parental,I believe my behavior and actions shape the development and well-being of my children.,4,"You believes that their behavior and actions significantly influence their child’s development and well-being. They likely view parenting as a key factor in shaping their child’s emotional, social, and psychological growth. This parent may feel responsible for providing the right guidance and emotional support to help their child thrive. Parent-child health in this scenario is typically strong. The parent is likely highly attuned to their child’s emotional and developmental needs, fostering a relationship built on trust, support, and guidance. They may actively engage in behaviors that nurture their child’s emotional intelligence, resilience, and well-being. The child is likely to feel supported, understood, and valued, which contributes to a healthy and emotionally secure relationship. This dynamic creates an environment that encourages the child’s growth and success in various aspects of life."
Parental,I believe my behavior and actions shape the development and well-being of my children.,5,"You strongly believes that their actions and behavior are critical in shaping their child’s development and well-being. They may feel that nearly every aspect of their parenting—whether emotional support, discipline, or communication—has a profound effect on the child’s growth. They likely see themselves as central to their child’s emotional and psychological foundation.  Parent-child health in this case is often very strong, as the parent likely strives to model positive behavior and provide emotional support to foster a well-rounded and healthy child. The child may benefit from a highly engaged parent who is deeply involved in their developmental journey, leading to emotional security, trust, and a strong bond. However, there may be a risk of over-responsibility, where the parent feels too much pressure to shape the child’s future or feels anxiety over minor mistakes. While the child is likely well-cared for, the parent must ensure they allow space for the child to develop independently without feeling too controlled or overly managed."
Others,"In group settings, I prefer to wait for others to initiate conversations.",1,"You likely feels very comfortable initiating conversations in group settings. They may see themselves as a natural leader or someone who enjoys taking the initiative in social situations. They likely feel at ease engaging with others and starting discussions without hesitation. In group settings, this individual is likely perceived as outgoing, assertive, and possibly the center of attention. They may take on the role of a conversation starter, which could enhance group cohesion and interaction. However, there’s a risk of overshadowing quieter individuals or dominating conversations if not mindful. Their proactive approach to social interaction usually fosters a lively, engaging environment."
Others,"In group settings, I prefer to wait for others to initiate conversations.",2,"You likely initiates conversations in group settings but may not always feel compelled to do so. They probably prefer balance, sometimes waiting for others but feeling comfortable stepping in when needed. This person likely enjoys social interaction but may not always want to lead. The person is likely socially adept and able to function well in group settings without needing to dominate or always initiate. They may enjoy a shared dynamic where others contribute equally to starting conversations. You may be seen as approachable and engaging but without overwhelming others. They strike a balance between listening and contributing."
Others,"In group settings, I prefer to wait for others to initiate conversations.",3,"You may not have a strong preference for initiating or waiting in conversations. They may engage in conversation if necessary but might also feel comfortable observing until someone else starts. This person is likely adaptable depending on the group dynamics or the context of the situation. The individual likely blends well into group settings, neither standing out as highly assertive nor too reserved. They may be perceived as easygoing, willing to participate but not necessarily eager to control the direction of the conversation. This can lead to a balanced dynamic but may also result in occasional passivity, depending on the energy of the group."
Others,"In group settings, I prefer to wait for others to initiate conversations.",4,"You likely prefers to let others take the lead in starting conversations and may feel more comfortable participating once someone else initiates. They may be more reserved or introverted, feeling less inclined to step into the social spotlight in group settings. In group settings, this person may be perceived as quiet, observant, or even shy. They may prefer to listen and assess the group dynamic before contributing. Once engaged, they might contribute meaningfully but may wait for the right moment to enter the conversation. Others may need to actively involve them to ensure they feel included. Their quiet demeanor might bring balance to a group dynamic but could also result in feeling overlooked in more active or extroverted groups."
Others,"In group settings, I prefer to wait for others to initiate conversations.",5,"You strongly prefers to wait for others to initiate conversations and may feel uncomfortable or anxious about starting discussions. They may see themselves as naturally reserved or shy in group settings and prefer to take a back seat socially The individual is likely perceived as highly introverted, shy, or even socially anxious. They may avoid initiating conversations altogether, preferring to listen and observe rather than actively engage. While this can contribute to a more reflective or quiet presence, there’s a risk of social isolation if they consistently wait for others to involve them. In highly active or fast-paced social groups, this person may struggle to find opportunities to engage, possibly leading to feelings of exclusion or discomfort."
Others,I consistently work towards maintaining a healthy mind and body to contribute positively to my relationships.,1,"You likely does not prioritize personal mental or physical health with the intention of positively contributing to relationships. They may view their well-being as separate from or unrelated to the health of their relationships and might not believe that their self-care affects their ability to maintain strong connections with others. Relationships may be negatively impacted, as the person might not be taking steps to ensure they are mentally or physically fit. Without focusing on self-care, they may struggle with emotional regulation, physical energy, or even empathy, which can lead to strain in their personal relationships. The lack of self-awareness or care could contribute to conflict, misunderstandings, or detachment from their partner or loved ones."
Others,I consistently work towards maintaining a healthy mind and body to contribute positively to my relationships.,2,"You may occasionally work on maintaining mental and physical health but does not necessarily connect these efforts with improving their relationships. They might believe relationships thrive on emotional or external factors and place less emphasis on how their personal well-being contributes to their connections. The health of their relationships could be somewhat inconsistent, as their emotional and physical well-being might affect their ability to contribute positively at times. While they might show care and support in relationships, periods of neglecting their own health may lead to moments of stress or frustration. Relationships could suffer from a lack of sustained energy, patience, or emotional balance, particularly during challenging times."
Others,I consistently work towards maintaining a healthy mind and body to contribute positively to my relationships.,3,"You may recognize the importance of personal well-being but doesn’t actively focus on maintaining it for the sake of their relationships. They likely believe that their mental and physical health affects their relationships to some extent but may not consistently make efforts to prioritize it The individual may contribute positively to their relationships during periods of good health but might not take proactive steps to ensure long-term well-being. While their relationships may generally function well, there might be times when neglecting self-care leads to stress, emotional exhaustion, or physical tiredness, affecting their ability to engage deeply with others. The relationship health can fluctuate depending on external pressures and personal wellness."
Others,I consistently work towards maintaining a healthy mind and body to contribute positively to my relationships.,4,"You recognizes the connection between personal well-being and the quality of their relationships. They likely make efforts to maintain their mental and physical health, seeing it as an important way to contribute positively to their connections. They may practice regular self-care, such as exercising, managing stress, or practicing mindfulness, to stay emotionally and physically available to others. as the individual likely has a good level of self-awareness and takes steps to ensure they are mentally and physically prepared to nurture their relationships. Their well-being contributes to emotional stability, patience, and a deeper capacity for empathy and understanding. This approach fosters strong, supportive relationships where both partners or loved ones benefit from a shared sense of health and well-being. However, they should ensure they maintain a balance between self-care and attending to their relationships."
Others,I consistently work towards maintaining a healthy mind and body to contribute positively to my relationships.,5,"You strongly believes that maintaining mental and physical health is essential for contributing positively to their relationships. They likely put significant effort into self-care routines, not just for personal reasons but to be a better partner, friend, or family member. They see their personal well-being as directly connected to the health of their relationships and prioritize it accordingly.  The individual’s commitment to their own well-being creates a foundation for emotional resilience, patience, and positive energy within their relationships. They are likely emotionally present, supportive, and capable of handling conflicts in a healthy, constructive way. Their high level of self-care ensures they are able to offer stability, empathy, and emotional intelligence to those they care about. However, it’s important that this focus on self-improvement doesn’t lead to perfectionism or placing too much pressure on themselves to always be ""ideal"" in relationships, as this could cause stress or burnout."
Others,"I manage my time well, ensuring I give enough attention to people who matter to me.",1,"You likely feels that you do not manage their time well, and as a result, you may struggle to give adequate attention to the people who matter to them. They may feel overwhelmed by other commitments and responsibilities, which prevents them from focusing on their relationships.  Relationships in this case are likely to suffer due to a lack of attention or presence. The people they care about may feel ignored or undervalued, leading to feelings of disconnection or frustration. The individual may experience guilt or stress from not being able to balance their time effectively, potentially leading to conflict or weakened bonds."
Others,"I manage my time well, ensuring I give enough attention to people who matter to me.",2,"You may recognize that you often struggle to manage their time well enough to provide adequate attention to important people in their life. They likely find themselves pulled in different directions and may feel that you don’t devote enough time to their loved ones. While the individual may try to nurture relationships, their poor time management may result in periods of neglect or insufficient attention. This can create a sense of instability in relationships, where friends or family feel like they are competing with other priorities. The individual may feel a sense of imbalance, where relationships are not thriving due to time constraints."
Others,"I manage my time well, ensuring I give enough attention to people who matter to me.",3,"You likely feels that you are somewhat successful at managing their time and giving attention to important people, but there may be moments where you struggle to balance their schedule. They may see time management as a challenge but not necessarily as a significant issue in their relationships. The individual may be able to maintain relationships reasonably well, but there may be occasions where friends, family, or partners feel they are not getting enough attention. While the relationships are likely functional and not strained, there may be times when loved ones feel less prioritized. Occasional lapses in attention could lead to minor issues but are likely not relationship-breaking."
Others,"I manage my time well, ensuring I give enough attention to people who matter to me.",4,"You believes you manage their time well and are able to provide adequate attention to the people who matter to them. They likely make an effort to organize their schedule in a way that allows for meaningful interactions with loved ones. Relationships in this case are likely to be nurtured and supported. The individual’s good time management allows them to maintain strong connections with those they care about, contributing to emotional stability and satisfaction in their relationships. Their loved ones likely feel valued and appreciated, as they receive consistent attention and engagement. This balance between responsibilities and relationships fosters positive emotional bonds and trust."
Others,"I manage my time well, ensuring I give enough attention to people who matter to me.",5,"You strongly believes you excel at time management, ensuring you consistently prioritize and give attention to people who matter. They likely have a structured approach to their time and consciously make efforts to maintain relationships as a key priority in their life. The individual’s commitment to managing their time effectively translates into deep, meaningful relationships where loved ones feel highly valued and important. The ability to consistently show up for friends, family, or partners fosters trust, closeness, and emotional intimacy. This high level of attention ensures that relationships remain supportive and healthy. However, the individual should be mindful of potential over-scheduling or burnout from trying to always meet everyone’s needs."
Others,I can easily empathize with others and understand their perspectives.,1,"You likely struggles to empathize with others or understand their perspectives. They may find it difficult to relate to other people's feelings or viewpoints and might have a limited emotional connection to others.  Relationships in this case may be distant or strained. The inability to empathize can lead to misunderstandings, a lack of emotional support, or even conflict. Others may feel that the individual is indifferent or disconnected, which can weaken emotional bonds. This can result in challenges when forming deep, meaningful connections, and the individual may have difficulty responding to others' emotional needs effectively."
Others,I can easily empathize with others and understand their perspectives.,2,"You may occasionally empathize with others but often finds it difficult to fully understand or relate to their perspectives. They may have some ability to grasp others' emotions but might not be consistent or adept at doing so.
 The individual may maintain relationships but could experience difficulties when emotional complexity arises. Friends or loved ones may feel they are not fully understood or that the person struggles to provide adequate emotional support. While the individual may try to connect with others, they might not be able to consistently provide the empathy needed to maintain deeper, more emotionally connected relationships."
Others,I can easily empathize with others and understand their perspectives.,3,"You likely has a moderate ability to empathize with others. They may sometimes understand others' feelings and perspectives but may also find themselves challenged by more complex emotional dynamics. They likely experience empathy in some situations but might not always actively engage with it. Relationships are likely stable but not deeply emotionally attuned. The individual may be capable of supporting others emotionally in certain contexts, but they may not consistently offer empathy or emotional depth. This can result in functional relationships where communication and understanding are generally present, but there could be a lack of profound emotional connection in certain situations. Others might occasionally feel misunderstood or that the individual doesn't fully grasp the depth of their emotions."
Others,I can easily empathize with others and understand their perspectives.,4,"You believes you are generally good at empathizing with others and understanding their perspectives. They are likely skilled at recognizing and validating others' emotions and are often able to put themselves in someone else’s shoes. They likely value emotional connection and strive to be supportive and understanding in their relationships. Healthy and emotionally supportive. The individual's ability to empathize strengthens their relationships, as others feel heard, understood, and validated. This fosters trust, open communication, and emotional closeness. The individual likely forms strong bonds based on mutual understanding and emotional connection. Their ability to offer empathy likely makes them a reliable source of support during challenging times, contributing to positive relationship dynamics."
Others,I can easily empathize with others and understand their perspectives.,5,"You strongly believes you are highly empathetic and can easily understand others' emotions and perspectives. They likely possess a deep emotional intelligence and can easily read subtle cues in conversations. They feel a strong connection to others' emotional experiences and prioritize empathy in their interactions. Very strong and deeply connected. The individual's high level of empathy likely allows them to form deeply meaningful relationships. They are likely seen as highly compassionate, understanding, and emotionally present. Others may frequently turn to them for support, knowing they will be heard and understood. Their ability to empathize fosters deep trust, closeness, and emotional security in relationships. However, it’s important that they set boundaries to avoid emotional burnout from being overly invested in others’ emotions."
Others,"I believe maintaining a balance in relationships is crucial, as not everything can be controlled.",1," You may believe that relationships require a high degree of control and that balance is not a significant factor. They may feel more comfortable when you can direct or manage most aspects of the relationship rather than allowing a more flexible and shared dynamic. Relationships in this scenario may be rigid or strained due to a lack of balance. The individual may try to exert control over situations, potentially leading to tension, frustration, or power struggles with their partner, friends, or family. The rigidity in their mindset could make it difficult for relationships to adapt to change or external pressures, and this lack of flexibility could create distance or conflict in the relationship. Loved ones may feel constrained or that their needs are not equally valued."
Others,"I believe maintaining a balance in relationships is crucial, as not everything can be controlled.",2,"You may believe that while balance is somewhat important, you still prefer a greater level of control in the relationship. They may struggle with letting go of control or accepting the idea that not everything can be managed. They might feel that structure and predictability are more important than balance. The individual may have a tendency to prioritize structure and control, which could lead to issues with flexibility in the relationship. While there may be periods of harmony, their need for control could cause strain, especially during times of change or unpredictability. Partners or loved ones may feel like their opinions or autonomy are undervalued, leading to dissatisfaction or tension in the relationship. This could result in uneven emotional exchanges or frustration over unmet expectations."
Others,"I believe maintaining a balance in relationships is crucial, as not everything can be controlled.",3,"You likely has a balanced view, recognizing that maintaining equilibrium in relationships is important, but you may also feel that some level of control is needed for stability. They likely value both balance and structure but might not have a strong preference for either. The individual’s relationships are likely functional, with a mix of balance and control. They might be flexible in some areas but still hold onto control in others. While relationships may generally be healthy, there could be moments of stress or conflict when they face situations that require flexibility or compromise. Overall, the individual likely navigates relationships with a sense of shared responsibility, but they may not always be fully comfortable with uncertainty or letting go."
Others,"I believe maintaining a balance in relationships is crucial, as not everything can be controlled.",4,"You likely believes that maintaining balance is crucial in relationships and understands that not everything can be controlled. They likely value flexibility, shared responsibility, and mutual understanding. This person may have a healthy level of self-awareness and be comfortable with ambiguity or change in relationships. Relationships are likely healthy, resilient, and balanced. The individual’s ability to recognize that not everything can be controlled fosters an environment of trust, adaptability, and emotional support. They are likely skilled at navigating challenges in relationships by focusing on balance rather than trying to control outcomes. This perspective encourages open communication, mutual respect, and the ability to work through difficulties with flexibility. Loved ones are likely to feel valued, trusted, and respected for their autonomy."
Others,"I believe maintaining a balance in relationships is crucial, as not everything can be controlled.",5,"You strongly believes that balance and flexibility are essential to maintaining healthy relationships, understanding fully that control is often unrealistic or counterproductive. They likely embrace the idea of shared responsibility, mutual support, and accepting uncertainty in relationships. Very strong and deeply connected. The individual’s mindset likely fosters highly adaptive, emotionally secure relationships. Their emphasis on balance helps create a harmonious environment where both partners or loved ones feel respected, understood, and appreciated. This openness to letting go of control enhances trust and emotional intimacy. Their ability to accept the unpredictable nature of life allows them to navigate challenges with grace, and their relationships are likely characterized by a sense of mutual responsibility, support, and resilience. This mindset can contribute to long-term relationship satisfaction, as both parties feel empowered and valued."
Others,I often feel a need to fit in and gain acceptance from those around me.,1,"You likely feels very independent and self-assured, with little need for external validation. They likely value their individuality and do not prioritize fitting in with others. They may feel comfortable being different from those around them or may even prefer to stand out. This mindset often results in high self-esteem and a strong sense of identity. The individual likely derives their sense of worth from internal sources, such as personal values, beliefs, or achievements, rather than external approval. In social settings, they may come across as confident, authentic, and unconcerned with conforming to others' expectations. However, in certain contexts, this detachment from social norms might make it harder to connect deeply with those who value conformity or shared group identity."
Others,I often feel a need to fit in and gain acceptance from those around me.,2,"You may occasionally feel a desire to fit in but generally feels comfortable asserting their individuality. They may appreciate social approval to some extent but do not rely on it for their self-worth. This person likely values both personal authenticity and meaningful social connections. The individual likely has moderately high self-esteem and is secure in their sense of self. While they may enjoy acceptance from others, they do not feel compelled to change who they are to fit in. In social settings, they may be friendly and approachable while maintaining their boundaries and unique identity. Relationships are likely balanced, with the person being able to relate to others without sacrificing their sense of self."
Others,I often feel a need to fit in and gain acceptance from those around me.,3,"You likely feels ambivalent about the need to fit in. They may balance between seeking acceptance in some situations and feeling comfortable with their individuality in others. Their need for social validation may fluctuate depending on the context or the people you are with. The individual’s self-esteem is likely stable but might vary depending on how accepted they feel in social situations. They may sometimes conform to fit in, but this is not a strong, consistent motivator in their life. In social settings, they may shift between being assertive and blending in, depending on how much they value the opinions of those around them. They may experience some internal conflict between staying true to themselves and gaining social approval."
Others,I often feel a need to fit in and gain acceptance from those around me.,4,"You likely feels a strong need for acceptance and frequently seeks to fit in with those around them. They may prioritize social harmony and adjust their behavior or opinions to align with group norms or expectations. The need for social approval plays a significant role in how you interact with others. Their self-esteem may be closely tied to external validation. The individual is likely highly aware of how others perceive them and may worry about being liked or accepted. In social settings, they may be skilled at adapting to different group dynamics, but this could come at the cost of their authentic self-expression. While they may build strong relationships by blending in, they could also feel a sense of inner conflict or dissatisfaction if they frequently suppress their individuality to gain approval."
Others,I often feel a need to fit in and gain acceptance from those around me.,5,"You feels a very strong need to fit in and gain acceptance from those around them. They may place a high value on social approval and could feel anxious or uncomfortable when you perceive themselves as different from the group. The need to belong and be accepted might drive much of their behavior and decision-making in social settings. Their self-esteem is likely highly dependent on external validation. This could lead to emotional fluctuations based on how accepted or rejected they feel in different social contexts. While they may be highly attuned to social cues and adept at gaining approval, they may also struggle with authentic self-expression. The pressure to conform could result in feelings of insecurity or low self-worth when approval is not forthcoming. Over time, this constant need for acceptance could cause anxiety or stress, especially in situations where the individual feels they cannot meet social expectations."
Others,I find it necessary to be in control of situations when interacting with others.,1,"You likely feels little to no need to be in control during interactions with others. They are likely comfortable with letting others take the lead or allowing situations to unfold naturally. They may prefer collaborative environments where everyone has an equal voice and might even resist controlling behaviors in themselves and others. Flexible and open. Relationships are likely characterized by mutual respect and shared decision-making. The individual’s openness to not needing control may result in a relaxed, adaptive approach to interactions. They are likely to be perceived as easygoing, approachable, and non-confrontational. However, there’s a risk that in some situations they might avoid taking the lead even when it’s necessary, possibly leading to passivity in critical moments."
Others,I find it necessary to be in control of situations when interacting with others.,2,"You may occasionally feel the need to take control but generally prefers a more balanced or collaborative approach in interactions. They are likely comfortable with sharing influence and power in social dynamics, allowing others to take charge when needed. Balanced and cooperative. The individual likely values fairness and collaboration in relationships. They may enjoy sharing responsibility and leadership, while also recognizing when to step back. Their approach likely fosters positive, cooperative relationships, where both parties feel heard and respected. They may be good at compromise and negotiation, though there might be occasional moments where they feel the need to assert control in specific situations."
Others,I find it necessary to be in control of situations when interacting with others.,3,"You likely feels indifferent or balanced about the need for control in interactions. They may occasionally feel the need to take charge, but it’s not a strong or consistent impulse. Their desire for control might depend on the context or the specific individuals you are interacting with. Situationally adaptive. The individual likely navigates social interactions in a context-dependent manner. In some situations, they may assert control, while in others, they may defer to others or let situations evolve naturally. Relationships with this person are likely stable but may lack consistency in terms of leadership or decision-making. They can likely manage both collaborative and directive situations, but their approach may vary based on circumstances."
Others,I find it necessary to be in control of situations when interacting with others.,4,"You likely feels a strong need to be in control of situations when interacting with others. They may believe that being in control is important for achieving their goals, maintaining order, or ensuring positive outcomes. This person likely takes charge in social interactions and may prefer to direct conversations or decisions. Directive but potentially overbearing. While the individual’s need for control can lead to clear leadership and decisiveness, it can also result in tension if others feel they aren’t given a voice or if the individual becomes too dominant. Relationships may be characterized by structure and clarity, but there’s a risk that the person’s need for control could stifle collaboration, creativity, or mutual decision-making. Partners, friends, or colleagues may sometimes feel overshadowed or less valued if they aren’t able to contribute equally."
Others,I find it necessary to be in control of situations when interacting with others.,5," You likely feels it is absolutely necessary to be in control in most or all social interactions. They may have a strong desire to direct outcomes, influence decisions, or manage the dynamics of conversations and relationships. This need for control could stem from a desire for predictability, security, or efficiency, or a belief that you are best suited to lead in social situations. Highly directive, possibly controlling. Relationships with this individual may feel unbalanced or rigid, as their need for control could overpower the input of others. While their decisiveness and direction may provide structure, it could also lead to power imbalances where others feel constrained or unable to express themselves freely. There is a risk of creating relationships where collaboration and mutual decision-making are limited, potentially leading to resentment or frustration in partners or colleagues. Over time, this controlling dynamic can strain relationships, particularly if others feel their autonomy or voice is diminished."
